{
  "id": "3144555",
  "name": "fashionAI",
  "font_family": "iconfont",
  "css_prefix_text": "el-icon-my-",
  "description": "",
  "glyphs": [
    {
      "icon_id": "5651479",
      "name": "个人",
      "font_class": "geren1",
      "unicode": "e670",
      "unicode_decimal": 58992
    },
    {
      "icon_id": "577357",
      "name": "删除",
      "font_class": "shanchu",
      "unicode": "e74b",
      "unicode_decimal": 59211
    },
    {
      "icon_id": "658017",
      "name": "个人",
      "font_class": "geren",
      "unicode": "e657",
      "unicode_decimal": 58967
    },
    {
      "icon_id": "22533620",
      "name": "踩",
      "font_class": "cai1",
      "unicode": "e628",
      "unicode_decimal": 58920
    },
    {
      "icon_id": "17082",
      "name": "添加",
      "font_class": "tianjia",
      "unicode": "e601",
      "unicode_decimal": 58881
    },
    {
      "icon_id": "6380878",
      "name": "点赞_块",
      "font_class": "dianzan_kuai",
      "unicode": "ec8c",
      "unicode_decimal": 60556
    },
    {
      "icon_id": "11372777",
      "name": "收藏",
      "font_class": "shoucang1",
      "unicode": "e8c6",
      "unicode_decimal": 59590
    },
    {
      "icon_id": "1115",
      "name": "创意",
      "font_class": "chuangyi",
      "unicode": "e600",
      "unicode_decimal": 58880
    },
    {
      "icon_id": "4266145",
      "name": "踩",
      "font_class": "cai",
      "unicode": "e70e",
      "unicode_decimal": 59150
    },
    {
      "icon_id": "4266149",
      "name": "对话",
      "font_class": "duihua",
      "unicode": "e710",
      "unicode_decimal": 59152
    },
    {
      "icon_id": "4266181",
      "name": "收藏",
      "font_class": "shoucang",
      "unicode": "e71c",
      "unicode_decimal": 59164
    },
    {
      "icon_id": "4266193",
      "name": "赞",
      "font_class": "zan",
      "unicode": "e720",
      "unicode_decimal": 59168
    },
    {
      "icon_id": "122712",
      "name": "Smile",
      "font_class": "smile",
      "unicode": "e6af",
      "unicode_decimal": 59055
    },
    {
      "icon_id": "4448587",
      "name": "template",
      "font_class": "template",
      "unicode": "e68e",
      "unicode_decimal": 59022
    },
    {
      "icon_id": "16328029",
      "name": "画画",
      "font_class": "huahua",
      "unicode": "e649",
      "unicode_decimal": 58953
    },
    {
      "icon_id": "3978075",
      "name": "新建",
      "font_class": "xinjian",
      "unicode": "e62c",
      "unicode_decimal": 58924
    },
    {
      "icon_id": "9673166",
      "name": "项目",
      "font_class": "xiangmu1",
      "unicode": "e60a",
      "unicode_decimal": 58890
    },
    {
      "icon_id": "1263354",
      "name": "项目",
      "font_class": "xiangmu",
      "unicode": "e63d",
      "unicode_decimal": 58941
    },
    {
      "icon_id": "562695",
      "name": "Pencil",
      "font_class": "pencil",
      "unicode": "e629",
      "unicode_decimal": 58921
    },
    {
      "icon_id": "667792",
      "name": "评论",
      "font_class": "pinglun",
      "unicode": "e6ad",
      "unicode_decimal": 59053
    },
    {
      "icon_id": "712340",
      "name": "折线图",
      "font_class": "icon-line-graph",
      "unicode": "e662",
      "unicode_decimal": 58978
    },
    {
      "icon_id": "6337465",
      "name": "笑脸",
      "font_class": "xiaolian",
      "unicode": "ec81",
      "unicode_decimal": 60545
    },
    {
      "icon_id": "9673163",
      "name": "团队",
      "font_class": "tuandui",
      "unicode": "e609",
      "unicode_decimal": 58889
    },
    {
      "icon_id": "15378423",
      "name": "graphql",
      "font_class": "graphql",
      "unicode": "ebb1",
      "unicode_decimal": 60337
    },
    {
      "icon_id": "26525867",
      "name": "文字",
      "font_class": "text",
      "unicode": "e6bc",
      "unicode_decimal": 59068
    },
    {
      "icon_id": "6337460",
      "name": "居中对齐",
      "font_class": "juzhongduiqi",
      "unicode": "ec80",
      "unicode_decimal": 60544
    },
    {
      "icon_id": "6337463",
      "name": "右对齐",
      "font_class": "youduiqi",
      "unicode": "ec82",
      "unicode_decimal": 60546
    },
    {
      "icon_id": "6337473",
      "name": "左对齐",
      "font_class": "zuoduiqi",
      "unicode": "ec86",
      "unicode_decimal": 60550
    },
    {
      "icon_id": "6337476",
      "name": "左右对齐",
      "font_class": "zuoyouduiqi",
      "unicode": "ec87",
      "unicode_decimal": 60551
    }
  ]
}
